<?xml version="1.0" encoding="UTF-8"?>

<layout version="2.3.2022081101" updatetime="20220811">
	<switch>
		<type id="42542" src="icon_20220419151654.png" title="明星" selected="true">
			<image src="19CC5BAAAB355EC327971C43A661217D.jpg" title="刘诗诗淡然之美" content="面对“入戏不深”的质疑，刘诗诗将压力变成“我还可以更好”的期待，这种自洽的心态难能可贵。©盖饭娱乐" cpname="" download="" contenturl="https://huawei.17getfun.com/lockscreen/Huaweisuoping-3625060.html?meetting=1657695636723" packagename=""/>
			<image src="73313AC2C0C90FB25005932CF530DF3B.jpg" title="酷女孩迪丽热巴" content="这几年迪丽热巴在成长中收获了底气和自信，并慢慢学会了和真实的自己共处。©疯狂E族" cpname="" download="" contenturl="https://4g.baizhan.net/05/1773/307210_0.html?7117" packagename=""/>
			<image src="55F9BB9318D28175753C7A055AE9DE82.jpg" title="甜美可人虞书欣" content="长相甜美的虞书欣为追星参加选秀，因其活泼可爱的性格圈粉无数。©图虫创意" cpname="" download="" contenturl="https://open.toutiao.com/a7117211142489047559/?utm_campaign=open&amp;utm_medium=webview&amp;utm_source=huawei_sl_wap&amp;cover_id=428551" packagename=""/>
			<image src="9FE51E7D77B2545966CC4DA12A1C5C51.jpg" title="爱运动女星盘点" content="张柏芝的人鱼线腹肌俱全，袁姗姗的马甲线让人震惊！©视觉中国" cpname="" download="" contenturl="https://h5.visualchina.com/article/article_216065.html?ad=yes&amp;channelCode=huawei_mp" packagename=""/>
		</type>
	</switch>
</layout>
