<?xml version="1.0" encoding="UTF-8"?>

<layout version="2.3.2022082702" updatetime="20220827">
	<switch>
		<type id="42542" src="icon_20220419151654.png" title="明星" selected="true">
			<image src="F6501C951B0B824E721B29C35A18A192.jpg" title="娇俏美人宋祖儿" content="当初的小哪吒已成新生代95后小花，时光让宋祖儿蜕变成了可爱少女，也丰富了她的阅历与演技。©盖饭娱乐" cpname="" download="" contenturl="https://huawei.17getfun.com/lockscreen/Huaweisuoping-3625550.html?meetting=1659593436831" packagename=""/>
			<image src="6F61843F68784AED65F09A26CBC3682D.jpg" title="不断突破的李沁" content="李沁如同一个矛盾共生体，温柔文静的形象之外，拥有着敢于冒险的“演员品格”。©疯狂E族" cpname="" download="" contenturl="https://4g.baizhan.net/05/1773/310411_0.html?8101" packagename=""/>
			<image src="FE2593DE35F97D015C71476D1344CA45.jpg" title="于朦胧逆袭之路" content="于朦胧应验了“是金子总会发光”这句话，从选秀歌手到演员，他在持续发光。©视觉中国" cpname="" download="" contenturl="https://h5.visualchina.com/article/article_217042.html?ad=yes&amp;channelCode=huawei" packagename=""/>
			<image src="D4DB53AC93270858D1C883F4E053A27C.jpg" title="黄晓明引回忆杀" content="黄晓明综艺热播，身为店长的他自觉承担起洗碗的任务，引发了网友的热烈讨论。©视觉中国" cpname="" download="" contenturl="https://h5.visualchina.com/article/article_217913.html?ad=yes&amp;channelCode=huawei_mp" packagename=""/>
			<image src="2056D4BBE71A1B97B2744853ECC4BA75.jpg" title="雪肤玉貌赵丽颖" content="赵丽颖高高绑起丸子头露出清纯可人的五官，小香风短款上衣搭配包臀短裙，既显身材又显清纯。©图虫创意" cpname="" download="" contenturl="https://open.toutiao.com/a7130125889257357828/?utm_campaign=open&amp;utm_medium=webview&amp;utm_source=huawei_sl_wap&amp;cover_id=429199" packagename=""/>
			<image src="84831CEF302D4A72250605172DB8BE3B.jpg" title="硬派偶像朱亚文" content="朱亚文新剧来袭，多位实力派演员齐聚一堂，合力打造各具特色的职场形象。©图虫创意" cpname="" download="" contenturl="https://open.toutiao.com/a7135602053057069606/?utm_campaign=open&amp;utm_medium=webview&amp;utm_source=huawei_sl_wap&amp;cover_id=429198" packagename=""/>
			<image src="3F5C084A3C9365B0743285449E3AAC11.jpg" title="人生大事" content="该片题材直面生死，又通过小人物的互助来温暖治愈，给观众吹来了一阵暖风，成为该片破圈的关键。©视频" cpname="" download="" contenturl="https://url.cloud.huawei.com/hCoFN0wN4A" packagename=""/>
		</type>
	</switch>
</layout>
