<?xml version="1.0" encoding="UTF-8"?>

<layout version="2.3.2022091201" updatetime="20220912">
	<switch>
		<type id="42542" src="icon_20220419151654.png" title="明星" selected="true">
			<image src="E6D07E006879DE5AD1D121D9AAEDFE96.jpg" title="海清影片逆袭" content="海清的电影热映，全片除了她一位专业演员外，其他的角色都由素人出演！©视觉中国" cpname="" download="" contenturl="https://h5.visualchina.com/article/article_218642.html?ad=yes&amp;channelCode=huawei" packagename=""/>
			<image src="F01DBB13A7457CC39BDB0F53ED3DED72.jpg" title="陈瑶复古写真" content="陈瑶身穿性感套裙游西子湖，闲庭漫步西子湖畔，忆江南。胶片质感复古满满，定格美好时光。©图虫创意" cpname="" download="" contenturl="https://open.toutiao.com/a7137270083986784782/?utm_campaign=open&amp;utm_medium=webview&amp;utm_source=huawei_sl_wap&amp;cover_id=429575" packagename=""/>
			<image src="C5F3C69150F8BEF1B62F21FD13D51721.jpg" title="王鹤棣的沉浮录" content="王鹤棣打了个漂亮翻身仗，一夜之间从小明星爆红成新一代人气小生。©疯狂E族" cpname="" download="" contenturl="https://4g.baizhan.net/05/1773/315959_0.html?9204" packagename=""/>
			<image src="98B27A7176BD951D4E6E24CD7EDC9DCB.jpg" title="万茜的迷人魅力" content="戏里是投入角色的演员，综艺里是受欢迎的姐姐，万茜用她独有的魅力征服世界。©盖饭娱乐" cpname="" download="" contenturl="https://huawei.17getfun.com/lockscreen/Huaweisuoping-3626232.html?meetting=1662626435392" packagename=""/>
		</type>
	</switch>
</layout>
