<?xml version="1.0" encoding="UTF-8"?>

<layout version="2.3.2022121601" updatetime="20221216">
	<switch>
		<type id="42542" src="icon_20220419151654.png" title="明星" selected="true">
			<image src="185ACE20837153A4F71D5C27287153F8.jpg" title="周也的逆天资源" content="周也手中有七部待播作品，每一部都是神仙阵容，部部都有爆款潜质，期待上映！©疯狂E族" cpname="" download="" contenturl="https://4g.baizhan.net/05/1773/326731_0.html?1128" packagename=""/>
			<image src="9CF9C2A0FC1669D60D58E4DED121AFF0.jpg" title="张婧仪凭什么火" content="张婧仪因气质独特，被誉为“钝感美人”，如今凭热播剧闯出一条新路。©盖饭娱乐" cpname="" download="" contenturl="https://huawei.17getfun.com/lockscreen/Huaweisuoping-3629998.html?meetting=1670559035703" packagename=""/>
			<image src="75AE673BF29DF3B456C5CE5A703D209D.jpg" title="影视剧的主心骨" content="95后男明星收视成绩大盘点，吴磊的网播成绩相当亮眼！©视觉中国" cpname="" download="" contenturl="https://h5.visualchina.com/article/article_224992.html?ad=yes&amp;channelCode=huawei" packagename=""/>
			<image src="3645D871A6287A98A86A64371969D198.jpg" title="宣璐古装剧盘点" content="作为女配的宣璐，凭借“江厌离”这个角色，第一次真正走进观众的视野，圈粉了不少观众。©图虫创意" cpname="" download="" contenturl="https://open.toutiao.com/a6745767404900450820/?utm_campaign=open&amp;utm_medium=webview&amp;utm_source=huawei_sl_wap&amp;cover_id=435105" packagename=""/>
			<image src="_37EF4CA0691A75FAB0D7B4A43D66B87A.jpg" title="冬日之光" content="走进鬼马精灵雎晓雯细腻的内心中，共同迈入童话般的十二月。©时尚芭莎" cpname="" download="" contenturl="https://h5hosting-drcn.dbankcdn.cn/cch5/global-themes-userPortal/music-theme-h5/magazine/eBookDetail.html?type=eBook&amp;themeVersion=12.0&amp;isoCode=CN&amp;language=zh_CN&amp;time=GT14NS&amp;hitopID=2169169381&amp;designer=&amp;categoryId=" packagename=""/>
		</type>
	</switch>
</layout>
