<?xml version="1.0" encoding="UTF-8"?>

<layout version="2.3.2022100601" updatetime="20221006">
	<switch>
		<type id="42542" src="icon_20220419151654.png" title="明星" selected="true">
			<image src="6540AE18C4268F03EA2FF9126E68E684.jpg" title="明星的校园生活" content="回顾这些明星未走红时的校园生活，杨紫的接地气，知名男星的让人羡慕。©盖饭娱乐" cpname="" download="" contenturl="https://huawei.17getfun.com/lockscreen/Huaweisuoping-3627061.html?meetting=1663974037548" packagename=""/>
			<image src="5CA8329387A26F094650DFFC131BDE22.jpg" title="章若楠率性洒脱" content="在章若楠的世界中，仿佛有着属于自己的一套法则，始终坚定自己心中所想。©疯狂E族" cpname="" download="" contenturl="https://4g.baizhan.net/05/1773/319500_0.html?9607" packagename=""/>
			<image src="9BF9ADAEADBFC4C7257B1992F1B2597E.jpg" title="吴谨言新的旅程" content="吴谨言新综艺开播，成员们各施专属魅力，全部都是宝藏女孩！©视觉中国" cpname="" download="" contenturl="https://h5.visualchina.com/article/article_219687.html?ad=yes&amp;channelCode=huawei" packagename=""/>
			<image src="AB03FEC163C418ADAA586184EDB1FF9C.jpg" title="做角色的影子" content="《猎罪图鉴》的热播，让檀健次在表演这条路上拥有了更多选择机会。©图虫创意" cpname="" download="" contenturl="https://open.toutiao.com/a7092408446762385927/?utm_campaign=open&amp;utm_medium=webview&amp;utm_source=huawei_sl_wap&amp;cover_id=430493" packagename=""/>
		</type>
	</switch>
</layout>
