<?xml version="1.0" encoding="UTF-8"?>

<layout version="2.3.2022073001" updatetime="20220730">
	<switch>
		<type id="42545" src="icon_20220419161939.png" title="体育" selected="true">
			<image src="C9CF272CE494AA69DD4DACA7D0273ACC.jpg" title="初学骑马" content="马术看起来简单，但实际上骑士与马要进行长时间的磨合。©好看" cpname="" download="" contenturl="https://redirect.levect.com/10063/100001/5404245" packagename=""/>
			<image src="34CB0C3122067B969E9EFA074FF471DD.jpg" title="游泳要选对泳姿" content="女生瘦身塑形可选自由泳，而男生要增围增肌则要选蝶泳！©有料画报" cpname="" download="" contenturl="https://yiyouliao.com/api-server/rss/888e47f4297a/item/II00SJRSWE8UBSA.html" packagename=""/>
			<image src="BEA4B86F652F75A76F9DA8A69104291B.jpg" title="正确的骑行姿势" content="弯曲的肘部具有减震效果，当你遇到坑洼路面，你的手臂可以帮助你减小冲击力。©视觉中国" cpname="" download="" contenturl="https://h5.visualchina.com/article/article_214987.html?ad=yes&amp;channelCode=huawei" packagename=""/>
			<image src="7D6200C07A396F4B0662AA2B69D68799.jpg" title="皮划艇运动" content="皮划艇，是一种户外有氧运动，是考验速度与耐力的项目。©图虫创意" cpname="" download="" contenturl="https://open.toutiao.com/a7089060603415020065/?utm_campaign=open&amp;utm_medium=webview&amp;utm_source=huawei_sl_wap&amp;cover_id=428032" packagename=""/>
		</type>
	</switch>
</layout>
