<?xml version="1.0" encoding="UTF-8"?>

<layout version="2.3.2022092202" updatetime="20220922">
	<switch>
		<type id="42542" src="icon_20220419151654.png" title="明星" selected="true">
			<image src="27F292DDA13368F7824F453AC8B2FAD1.jpg" title="虞书欣的新身份" content="虞书欣演完小兰花后，又转变身份成了“虞美人”，新剧值得期待！©疯狂E族" cpname="" download="" contenturl="https://4g.baizhan.net/05/1773/317063_0.html?9304" packagename=""/>
			<image src="A7F9C334DC5BFBD0CEA3F83E70FA7991.jpg" title="小白花陈都灵" content="不管是学生装扮还是旗袍造型，陈都灵长发飘飘清新婉约，给人一种娇柔的美感。©图虫创意" cpname="" download="" contenturl="https://open.toutiao.com/a7135032418486092318/?utm_campaign=open&amp;utm_medium=webview&amp;utm_source=huawei_sl_wap&amp;cover_id=429765" packagename=""/>
			<image src="5FF84148D1806C48D97C0538C82DFB55.jpg" title="杨颖新综艺首播" content="杨颖作为老牌侦探，在新综艺的首期节目中，依旧保持着细微的捕捉力和敏锐的感知度。©视觉中国" cpname="" download="" contenturl="https://h5.visualchina.com/article/article_218922.html?ad=yes&amp;channelCode=huawei" packagename=""/>
			<image src="0D49A02E47B27A2D2D607C3AC6FD5767.jpg" title="明星助理大盘点" content="迪丽热巴和助理成闺蜜，知名男星给助理当证婚人，而这些明星成为了助理的“亲人”。©盖饭娱乐" cpname="" download="" contenturl="https://huawei.17getfun.com/lockscreen/Huaweisuoping-3626797.html?meetting=1663662636880" packagename=""/>
		</type>
	</switch>
</layout>
