<?xml version="1.0" encoding="UTF-8"?>

<layout version="2.3.2023091001" updatetime="20230910">
	<switch>
		<type id="42533" src="icon_20220418153820.png" title="旅行" selected="true">
			<image src="96F41E3A3D013EE35E26E5E972880667.jpg" title="每日一签" content="你的格局、性格和努力，决定了接下来的命运。©品鉴传媒" cpname="" download="" contenturl="https://www.pinbaitai.com/huawei/20230828/108626.html" packagename=""/>
			<image src="0448D45B25987EF1A5C0CD35BD55CA12.jpg" title="莫尔格勒河" content="莫尔格勒河，河道迂回曲折如巨龙盘卧草原，老舍先生称之为“天下第一曲水”。©图虫创意" cpname="" download="" contenturl="https://open.toutiao.com/a7234089892702290492/?utm_campaign=open&amp;utm_medium=webview&amp;utm_source=huawei_sl_wap&amp;cover_id=474547" packagename=""/>
			<image src="95E0A96C10B0935D4FA65B51CDD9C6DE.jpg" title="阿拉伯的古与今" content="这里拥有未被世人惊扰的纯净自然风光，沙漠、绿洲和海岸小岛都是沙特引以为傲的“宝藏特产”。©有料画报" cpname="" download="" contenturl="https://h5detail.yiyouliao.com/rivers/newsfeed/04e94e27125945d28492b41421d44e65/1696095453965221889.html" packagename=""/>
			<image src="AD684A2CA66974FB75C6D0ADB09AD829.jpg" title="假如其它行星取代月球" content="若七大行星来顶替月球的“工作”，你晚上或许都不敢出门！©盖饭娱乐" cpname="" download="" contenturl="https://huawei.17getfun.com/lockscreen/Huaweisuoping-3577337.html?meetting=1693899034155" packagename=""/>
			<image src="80C6F3E84A1A5121EBC41F7F6BCA6663.jpg" title="黄金周绝佳目的地" content="黄金周攻略 | 地理奇观与美景完美融合，探索法罗群岛的自然之美。图：Thomas看看世界©米拍摄影社区" cpname="" download="" contenturl="https://m.mepai.me/outarticle/235799?lock_screen_content_id=2224" packagename=""/>
			<image src="B184E1493B58BC12C9180FBA5813FE23.jpg" title="我们的氧气来自哪里" content="你体内的氧气，大部分并非来自森林，那会是哪儿？©视觉中国" cpname="" download="" contenturl="https://h5.visualchina.com//article/article_240997.html?ad=yes&amp;channelCode=huawei_mp" packagename=""/>
		</type>
	</switch>
</layout>
