<?xml version="1.0" encoding="UTF-8"?>

<layout version="2.3.2023040101" updatetime="20230401">
	<switch>
		<type id="42542" src="icon_20220419151654.png" title="明星" selected="true">
			<image src="B79CCD577E26AF6604945CD014BD05E5.jpg" title="明星的铁饭碗" content="他们纷纷进入体制内，有人即使工资仅三千，仍珍惜不已。©盖饭娱乐" cpname="" download="" contenturl="https://huawei.17getfun.com/lockscreen/Huaweisuoping-3631296.html?meetting=1679370033215" packagename=""/>
			<image src="765F94530728D52466C9EB43D8E234C0.jpg" title="角色之外的周也" content="直率与洒脱、沉稳与韧劲儿，在周也身上兼容并蓄。©疯狂E族" cpname="" download="" contenturl="https://4g.baizhan.net/05/1773/346676_0.html" packagename=""/>
			<image src="91D1453303D06977408E7DD3CE745B3A.jpg" title="肖战露脸即圈粉" content="肖战出席微博之夜涨粉3万，两套造型各自演绎白昼王子与暗夜君主，反差感十足。©品鉴传媒" cpname="" download="" contenturl="https://www.pinbaitai.com/huawei/20230327/94673.html" packagename=""/>
			<image src="D965536F69CBC729DDD7BE449D9BFCBB.jpg" title="有一种美叫陈瑶" content="陈瑶长相妩媚，五官精致，身材高挑苗条，给人一种清新甜美的感觉。©图虫创意" cpname="" download="" contenturl="https://open.toutiao.com/a7202250944384451107/?utm_campaign=open&amp;utm_medium=webview&amp;utm_source=huawei_sl_wap&amp;cover_id=444468" packagename=""/>
			<image src="A5A38BF020C4E93344077046278C75B0.jpg" title="锋芒显露的宋茜" content="转型演员后，每一个新角色的体验都替她开启了一段新人生。©好看" cpname="" download="" contenturl="https://redirect.levect.com/10063/100001/5553256" packagename=""/>
		</type>
	</switch>
</layout>
