<?xml version="1.0" encoding="UTF-8"?>

<layout version="2.3.2022122201" updatetime="20221222">
	<switch>
		<type id="42542" src="icon_20220419151654.png" title="明星" selected="true">
			<image src="A3C1591C0CB6340F1FB44CFE367F955F.jpg" title="张艺凡似画中人" content="张艺凡古风写真曝光，她身穿一袭红衣，漫步于山川之间，意境悠远像画中人。©疯狂E族" cpname="" download="" contenturl="https://4g.baizhan.net/05/1773/329338_0.html" packagename=""/>
			<image src="BB63E5A94F04AF7C37010DFD702EB312.jpg" title="春晚明星预测" content="2023央视春晚建组，已有十对明星入选将登台，你最期待谁？©盖饭娱乐" cpname="" download="" contenturl="https://huawei.17getfun.com/lockscreen/Huaweisuoping-3629771.html?meetting=1669878037123" packagename=""/>
			<image src="DBF929AAAED5CF595F4F575F1C4FF0D2.jpg" title="杨超越新剧来袭" content="杨超越主演的情景剧官宣定档，看到这部剧的题材后，网友们纷纷表示非常看好。©图虫创意" cpname="" download="" contenturl="https://open.toutiao.com/a7170268213857600039/?utm_campaign=open&amp;utm_medium=webview&amp;utm_source=huawei_sl_wap&amp;cover_id=433251" packagename=""/>
			<image src="69DCD35F93C5F8367EB8F2961E2A4630.jpg" title="王源步履不停" content="王源将开启第六年的专栏写作，新的一年，继续和“王源家书”相约！©视觉中国" cpname="" download="" contenturl="https://h5.visualchina.com/article/article_224849.html?ad=yes&amp;channelCode=huawei" packagename=""/>
		</type>
	</switch>
</layout>
