<?xml version="1.0" encoding="UTF-8"?>

<layout version="2.3.2023031502" updatetime="20230315">
	<switch>
		<type id="42542" src="icon_20220419151654.png" title="明星" selected="true">
			<image src="A4A601F11F39A734A559A38CC1F5A657.jpg" title="龚俊影视剧盘点" content="龚俊用演技和颜值轻松驾驭了许多复杂角色，为我们带来了许多优秀作品。©疯狂E族" cpname="" download="" contenturl="https://4g.baizhan.net/05/1773/328146_0.html" packagename=""/>
			<image src="3E429C8E76782480E8A173D686909885.jpg" title="年龄成谜的男星" content="这些男明星保养得宜，恍如少年，让人看不出真实年龄。©盖饭娱乐" cpname="" download="" contenturl="https://huawei.17getfun.com/lockscreen/Huaweisuoping-3451605.html?meetting=1677749436743" packagename=""/>
			<image src="15E736742A14BB82A9834F6FCCC20CE3.jpg" title="短发女神换发型" content="周雨彤长发和短发判若两人，短发像高冷女强人，长发是韩剧女主角。©品鉴传媒" cpname="" download="" contenturl="https://www.pinbaitai.com/huawei/20230306/92947.html" packagename=""/>
			<image src="FAB3FE76A601486F23B8413A4A2056DA.jpg" title="迪丽热巴的戏" content="迪丽热巴主演的《阿娜尔罕》，这是她的影视首秀。©好看" cpname="" download="" contenturl="https://redirect.levect.com/10063/100001/5550454" packagename=""/>
			<image src="EEE41AAF8370247324DFF1B274544146.jpg" title="优雅知性文咏珊" content="《误杀2》中的文咏珊素颜出镜却仍能看出她优雅的气质，她称得上是实力与颜值兼具的演员。©图虫创意" cpname="" download="" contenturl="https://open.toutiao.com/a7043735453094429196/?utm_campaign=open&amp;utm_medium=webview&amp;utm_source=huawei_sl_wap&amp;cover_id=441906" packagename=""/>
			<image src="_0FBB565B5AC20E5B85E8CC5B6FC1B0F8.jpg" title="春日暖阳" content="黄子韬带你揭示演艺圈现实！讲述流量明星苦练演技的故事。©视频" cpname="" download="" contenturl="https://url.cloud.huawei.com/kVOEQK1EVW&amp;from=zzspcrny" packagename=""/>
		</type>
	</switch>
</layout>
